{
  "base_time": "2025-08-07T03:50:00+09:00",
  "features": {
    "water_level": 0.0,
    "dam_outflow": 0.0,
    "rainfall": 0.0,
    "elapsed_min": 0.0,
    "water_level_diff_from_normal": -2.75,
    "dam_outflow_diff_from_normal": -4.5,
    "is_above_normal": 0.0,
    "outflow_ratio": 0.0,
    "dam_outflow_t-10": 0.0,
    "rainfall_t-10": 0.0,
    "water_level_t-10": 0.0,
    "dam_outflow_t-20": 257.9,
    "rainfall_t-20": 0.0,
    "dam_outflow_t-30": 257.69,
    "rainfall_t-30": 0.0,
    "water_level_t-30": 3.74,
    "dam_outflow_t-40": 257.53,
    "rainfall_t-40": 0.0,
    "dam_outflow_t-50": 257.46,
    "rainfall_t-50": 0.0,
    "dam_outflow_t-60": 278.25,
    "rainfall_t-60": 0.0,
    "water_level_t-60": 3.79,
    "dam_outflow_t-70": 302.23,
    "rainfall_t-70": 0.0,
    "dam_outflow_t-80": 302.66,
    "rainfall_t-80": 0.0,
    "dam_outflow_t-90": 302.84,
    "rainfall_t-90": 0.0,
    "dam_sum_recent": 515.5899999999999,
    "dam_max_recent": 257.9,
    "rain_sum_recent": 0.0,
    "dam_sum_90min": 2216.56,
    "dam_max_90min": 302.84,
    "rain_sum_90min": 0.0,
    "dam_sum_0_30min": 515.5899999999999,
    "dam_max_0_30min": 257.9,
    "dam_avg_0_30min": 171.86333333333332,
    "rain_sum_0_30min": 0.0,
    "dam_sum_30_60min": 793.24,
    "dam_max_30_60min": 278.25,
    "dam_avg_30_60min": 264.41333333333336,
    "rain_sum_30_60min": 0.0,
    "dam_sum_60_90min": 907.73,
    "dam_max_60_90min": 302.84,
    "dam_avg_60_90min": 302.57666666666665,
    "rain_sum_60_90min": 0.0,
    "water_level_change_10min": 0.0,
    "water_level_change_rate_10min": 0.0,
    "water_level_change_30min": -3.74,
    "water_level_change_rate_30min": -7.48,
    "water_level_acceleration": -0.040000000000000036,
    "water_level_change_60min": -3.79,
    "water_level_change_rate_60min": -3.79,
    "dam_trend_recent": -257.69,
    "dam_change_impact": -2.5769,
    "dam_trend_older": -20.560000000000002,
    "dam_trend_acceleration": -237.13,
    "dam_peak_90min": 302.84,
    "dam_peak_timing": 10,
    "dam_std_90min": 89.2567003536692,
    "rain_std_90min": 0.0,
    "max_water_change_90min": 0.0,
    "is_rapid_rise": 0.0,
    "is_flood_risk": 0.0,
    "is_high_water": 0.0,
    "is_emergency_discharge": 1.0,
    "is_high_discharge": 1.0,
    "water_level_ema_short": 0.9328654056373971,
    "water_level_ema_medium": 2.4157422135945863,
    "water_level_ema_long": 3.096131085037502,
    "water_level_ema_diff_short": -0.9328654056373971,
    "water_level_ema_diff_medium": -2.4157422135945863,
    "water_level_ema_diff_long": -3.096131085037502,
    "ema_crossover_short_medium": 0.0,
    "ema_crossover_medium_long": 0.0,
    "dam_outflow_ema_short": 64.95114829499494,
    "dam_outflow_ema_medium": 175.7397343676593,
    "dam_outflow_ema_long": 234.2811188483832,
    "dam_outflow_ema_diff_short": -64.95114829499494,
    "water_level_sma_3": 1.86,
    "water_level_sma_diff": -1.86,
    "dam_outflow_sma_3": 128.89749999999998,
    "water_level_sma_6": 2.685714285714286,
    "water_level_bb_upper": 6.083425400027352,
    "water_level_bb_lower": -0.7119968285987794,
    "water_level_bb_position": 0.10477593589748019,
    "water_autocorr_lag1": 0.6779565702598659,
    "water_autocorr_lag3": 0.8038971479133469,
    "water_autocorr_lag6": 0.9999710961774635,
    "water_direction_changes": 0,
    "water_momentum_30min": -3.74,
    "water_momentum_60min": -3.79,
    "is_outlier": 1.0,
    "data_quality_score": 1.0,
    "_timestamp": "2025-08-07T03:50:00+09:00"
  },
  "predictions": [
    {
      "datetime": "2025-08-07T04:00:00+09:00",
      "level": 0.5,
      "confidence": 0.9,
      "model_type": "river_streaming_v2",
      "considered_delay": 120,
      "mae_last_100": 0.011,
      "drift_detected": true,
      "model_version": "river-0.21.0-20250807T0354"
    },
    {
      "datetime": "2025-08-07T04:10:00+09:00",
      "level": 0.48,
      "confidence": 0.9,
      "model_type": "river_streaming_v2",
      "considered_delay": 120,
      "mae_last_100": 0.011,
      "drift_detected": true,
      "model_version": "river-0.21.0-20250807T0354"
    },
    {
      "datetime": "2025-08-07T04:20:00+09:00",
      "level": 0.46,
      "confidence": 0.9,
      "model_type": "river_streaming_v2",
      "considered_delay": 120,
      "mae_last_100": 0.011,
      "drift_detected": true,
      "model_version": "river-0.21.0-20250807T0354"
    },
    {
      "datetime": "2025-08-07T04:30:00+09:00",
      "level": 0.45,
      "confidence": 0.9,
      "model_type": "river_streaming_v2",
      "considered_delay": 120,
      "mae_last_100": 0.011,
      "drift_detected": true,
      "model_version": "river-0.21.0-20250807T0354"
    },
    {
      "datetime": "2025-08-07T04:40:00+09:00",
      "level": 0.44,
      "confidence": 0.9,
      "model_type": "river_streaming_v2",
      "considered_delay": 120,
      "mae_last_100": 0.012,
      "drift_detected": true,
      "model_version": "river-0.21.0-20250807T0354"
    },
    {
      "datetime": "2025-08-07T04:50:00+09:00",
      "level": 0.43,
      "confidence": 0.9,
      "model_type": "river_streaming_v2",
      "considered_delay": 120,
      "mae_last_100": 0.012,
      "drift_detected": true,
      "model_version": "river-0.21.0-20250807T0354"
    },
    {
      "datetime": "2025-08-07T05:00:00+09:00",
      "level": 0.42,
      "confidence": 0.9,
      "model_type": "river_streaming_v2",
      "considered_delay": 120,
      "mae_last_100": 0.013,
      "drift_detected": true,
      "model_version": "river-0.21.0-20250807T0354"
    },
    {
      "datetime": "2025-08-07T05:10:00+09:00",
      "level": 0.39,
      "confidence": 0.9,
      "model_type": "river_streaming_v2",
      "considered_delay": 120,
      "mae_last_100": 0.012,
      "drift_detected": true,
      "model_version": "river-0.21.0-20250807T0354"
    },
    {
      "datetime": "2025-08-07T05:20:00+09:00",
      "level": 0.39,
      "confidence": 0.9,
      "model_type": "river_streaming_v2",
      "considered_delay": 120,
      "mae_last_100": 0.012,
      "drift_detected": true,
      "model_version": "river-0.21.0-20250807T0354"
    },
    {
      "datetime": "2025-08-07T05:30:00+09:00",
      "level": 0.38,
      "confidence": 0.9,
      "model_type": "river_streaming_v2",
      "considered_delay": 120,
      "mae_last_100": 0.013,
      "drift_detected": true,
      "model_version": "river-0.21.0-20250807T0354"
    },
    {
      "datetime": "2025-08-07T05:40:00+09:00",
      "level": 0.36,
      "confidence": 0.9,
      "model_type": "river_streaming_v2",
      "considered_delay": 120,
      "mae_last_100": 0.012,
      "drift_detected": true,
      "model_version": "river-0.21.0-20250807T0354"
    },
    {
      "datetime": "2025-08-07T05:50:00+09:00",
      "level": 0.36,
      "confidence": 0.9,
      "model_type": "river_streaming_v2",
      "considered_delay": 120,
      "mae_last_100": 0.013,
      "drift_detected": true,
      "model_version": "river-0.21.0-20250807T0354"
    },
    {
      "datetime": "2025-08-07T06:00:00+09:00",
      "level": 0.35,
      "confidence": 0.9,
      "model_type": "river_streaming_v2",
      "considered_delay": 120,
      "mae_last_100": 0.012,
      "drift_detected": true,
      "model_version": "river-0.21.0-20250807T0354"
    },
    {
      "datetime": "2025-08-07T06:10:00+09:00",
      "level": 0.34,
      "confidence": 0.9,
      "model_type": "river_streaming_v2",
      "considered_delay": 120,
      "mae_last_100": 0.013,
      "drift_detected": true,
      "model_version": "river-0.21.0-20250807T0354"
    },
    {
      "datetime": "2025-08-07T06:20:00+09:00",
      "level": 0.33,
      "confidence": 0.9,
      "model_type": "river_streaming_v2",
      "considered_delay": 120,
      "mae_last_100": 0.013,
      "drift_detected": true,
      "model_version": "river-0.21.0-20250807T0354"
    },
    {
      "datetime": "2025-08-07T06:30:00+09:00",
      "level": 0.32,
      "confidence": 0.9,