{
  "base_time": "2025-07-24T04:50:00+09:00",
  "features": {
    "water_level": 0.0,
    "dam_outflow": 0.0,
    "rainfall": 0.0,
    "elapsed_min": 0.0,
    "water_level_diff_from_normal": -2.75,
    "dam_outflow_diff_from_normal": -4.5,
    "is_above_normal": 0.0,
    "outflow_ratio": 0.0,
    "dam_outflow_t-10": 0.0,
    "rainfall_t-10": 0.0,
    "water_level_t-10": 0.0,
    "dam_outflow_t-20": 296.11,
    "rainfall_t-20": 0.0,
    "dam_outflow_t-30": 296.87,
    "rainfall_t-30": 0.0,
    "water_level_t-30": 3.89,
    "dam_outflow_t-40": 297.45,
    "rainfall_t-40": 0.0,
    "dam_outflow_t-50": 297.75,
    "rainfall_t-50": 0.0,
    "dam_outflow_t-60": 296.17,
    "rainfall_t-60": 1.0,
    "water_level_t-60": 3.89,
    "dam_outflow_t-70": 296.47,
    "rainfall_t-70": 3.0,
    "dam_outflow_t-80": 296.93,
    "rainfall_t-80": 9.0,
    "dam_outflow_t-90": 296.2,
    "rainfall_t-90": 13.0,
    "dam_sum_recent": 592.98,
    "dam_max_recent": 296.87,
    "rain_sum_recent": 0.0,
    "dam_sum_90min": 2373.9500000000003,
    "dam_max_90min": 297.75,
    "rain_sum_90min": 26.0,
    "dam_sum_0_30min": 592.98,
    "dam_max_0_30min": 296.87,
    "dam_avg_0_30min": 197.66,
    "rain_sum_0_30min": 0.0,
    "dam_sum_30_60min": 891.3700000000001,
    "dam_max_30_60min": 297.75,
    "dam_avg_30_60min": 297.1233333333334,
    "rain_sum_30_60min": 1.0,
    "dam_sum_60_90min": 889.6,
    "dam_max_60_90min": 296.93,
    "dam_avg_60_90min": 296.53333333333336,
    "rain_sum_60_90min": 25.0,
    "water_level_change_10min": 0.0,
    "water_level_change_rate_10min": 0.0,
    "water_level_change_30min": -3.89,
    "water_level_change_rate_30min": -7.78,
    "water_level_acceleration": -0.010000000000000231,
    "water_level_change_60min": -3.89,
    "water_level_change_rate_60min": -3.89,
    "dam_trend_recent": -296.87,
    "dam_change_impact": -2.9687,
    "dam_trend_older": 0.6999999999999886,
    "dam_trend_acceleration": -297.57,
    "dam_peak_90min": 297.75,
    "dam_peak_timing": 50,
    "dam_std_90min": 93.25915013525814,
    "rain_std_90min": 4.532461789860252,
    "max_water_change_90min": 0.010000000000000231,
    "is_rapid_rise": 0.0,
    "is_flood_risk": 0.0,
    "is_high_water": 0.0,
    "is_emergency_discharge": 1.0,
    "is_high_discharge": 1.0,
    "water_level_ema_short": 0.9711702555527454,
    "water_level_ema_medium": 2.4837476174280937,
    "water_level_ema_long": 3.183155921926204,
    "water_level_ema_diff_short": -0.9711702555527454,
    "water_level_ema_diff_medium": -2.4837476174280937,
    "water_level_ema_diff_long": -3.183155921926204,
    "ema_crossover_short_medium": 0.0,
    "ema_crossover_medium_long": 0.0,
    "dam_outflow_ema_short": 74.1462947760993,
    "dam_outflow_ema_medium": 190.00392946880248,
    "dam_outflow_ema_long": 246.9020575265138,
    "dam_outflow_ema_diff_short": -74.1462947760993,
    "water_level_sma_3": 1.9425,
    "water_level_sma_diff": -1.9425,
    "dam_outflow_sma_3": 148.245,
    "water_level_sma_6": 2.777142857142857,
    "water_level_bb_upper": 6.289988090376605,
    "water_level_bb_lower": -0.7357023760908903,
    "water_level_bb_position": 0.10471600974826185,
    "water_autocorr_lag1": 0.6625268654353376,
    "water_autocorr_lag3": -0.3727734539853151,
    "water_autocorr_lag6": -0.9053086251834304,
    "water_direction_changes": 0,
    "water_momentum_30min": -3.89,
    "water_momentum_60min": -3.89,
    "is_outlier": 1.0,
    "data_quality_score": 1.0,
    "_timestamp": "2025-07-24T04:50:00+09:00"
  },
  "predictions": [
    {
      "datetime": "2025-07-24T05:00:00+09:00",
      "level": 0.5,
      "confidence": 0.9,
      "model_type": "river_streaming_v2",
      "considered_delay": 120,
      "mae_last_100": 0.014,
      "drift_detected": true,
      "model_version": "river-0.21.0-20250724T0454"
    },
    {
      "datetime": "2025-07-24T05:10:00+09:00",
      "level": 0.48,
      "confidence": 0.9,
      "model_type": "river_streaming_v2",
      "considered_delay": 120,
      "mae_last_100": 0.014,
      "drift_detected": true,
      "model_version": "river-0.21.0-20250724T0454"
    },
    {
      "datetime": "2025-07-24T05:20:00+09:00",
      "level": 0.45,
      "confidence": 0.9,
      "model_type": "river_streaming_v2",
      "considered_delay": 120,
      "mae_last_100": 0.014,
      "drift_detected": true,
      "model_version": "river-0.21.0-20250724T0454"
    },
    {
      "datetime": "2025-07-24T05:30:00+09:00",
      "level": 0.43,
      "confidence": 0.9,
      "model_type": "river_streaming_v2",
      "considered_delay": 120,
      "mae_last_100": 0.014,
      "drift_detected": true,
      "model_version": "river-0.21.0-20250724T0454"
    },
    {
      "datetime": "2025-07-24T05:40:00+09:00",
      "level": 0.4,
      "confidence": 0.9,
      "model_type": "river_streaming_v2",
      "considered_delay": 120,
      "mae_last_100": 0.014,
      "drift_detected": true,
      "model_version": "river-0.21.0-20250724T0454"
    },
    {
      "datetime": "2025-07-24T05:50:00+09:00",
      "level": 0.37,
      "confidence": 0.9,
      "model_type": "river_streaming_v2",
      "considered_delay": 120,
      "mae_last_100": 0.014,
      "drift_detected": true,
      "model_version": "river-0.21.0-20250724T0454"
    },
    {
      "datetime": "2025-07-24T06:00:00+09:00",
      "level": 0.35,
      "confidence": 0.9,
      "model_type": "river_streaming_v2",
      "considered_delay": 120,
      "mae_last_100": 0.014,
      "drift_detected": true,
      "model_version": "river-0.21.0-20250724T0454"
    },
    {
      "datetime": "2025-07-24T06:10:00+09:00",
      "level": 0.32,
      "confidence": 0.9,
      "model_type": "river_streaming_v2",
      "considered_delay": 120,
      "mae_last_100": 0.014,
      "drift_detected": true,
      "model_version": "river-0.21.0-20250724T0454"
    },
    {
      "datetime": "2025-07-24T06:20:00+09:00",
      "level": 0.29,
      "confidence": 0.9,
      "model_type": "river_streaming_v2",
      "considered_delay": 120,
      "mae_last_100": 0.014,
      "drift_detected": true,
      "model_version": "river-0.21.0-20250724T0454"
    },
    {
      "datetime": "2025-07-24T06:30:00+09:00",
      "level": 0.27,
      "confidence": 0.9,
      "model_type": "river_streaming_v2",
      "considered_delay": 120,
      "mae_last_100": 0.013,
      "drift_detected": true,
      "model_version": "river-0.21.0-20250724T0454"
    },
    {
      "datetime": "2025-07-24T06:40:00+09:00",
      "level": 0.24,
      "confidence": 0.9,
      "model_type": "river_streaming_v2",
      "considered_delay": 120,
      "mae_last_100": 0.014,
      "drift_detected": true,
      "model_version": "river-0.21.0-20250724T0454"
    },
    {
      "datetime": "2025-07-24T06:50:00+09:00",
      "level": 0.23,
      "confidence": 0.9,
      "model_type": "river_streaming_v2",
      "considered_delay": 120,
      "mae_last_100": 0.013,
      "drift_detected": true,
      "model_version": "river-0.21.0-20250724T0454"
    },
    {
      "datetime": "2025-07-24T07:00:00+09:00",
      "level": 0.23,
      "confidence": 0.9,
      "model_type": "river_streaming_v2",
      "considered_delay": 120,
      "mae_last_100": 0.018,
      "drift_detected": true,
      "model_version": "river-0.21.0-20250724T0454"
    },
    {
      "datetime": "2025-07-24T07:10:00+09:00",
      "level": 0.24,
      "confidence": 0.9,
      "model_type": "river_streaming_v2",
      "considered_delay": 120,
      "mae_last_100": 0.019,
      "drift_detected": true,
      "model_version": "river-0.21.0-20250724T0454"
    },
    {
      "datetime": "2025-07-24T07:20:00+09:00",
      "level": 0.25,
      "confidence": 0.9,
      "model_type": "river_streaming_v2",
      "considered_delay": 120,
      "mae_last_100": 0.019,
      "drift_detected": true,
      "model_version": "river-0.21.0-20250724T0454"
    },
    {
      "datetime": "2025-07-24T07:30:00+09:00",
      "level": 0.26,
      "confidence": 0.9,